year,Lake Heather,Lake Mokeno,Lake Waihola,Lake Okaro,Lake Waikopiro,Lake Karaka,Coopers Lagoon,Waituna Lagoon
2005,5.863,4.35239,4.82096,4.91629,3.95604,4.29583,3.78765,4.3333
2006,5.60949,4.44237,5.25807,4.9948,4.34888,4.37592,4.35564,4.08988
2007,5.545,4.2683,5.31723,4.46027,3.92365,4.39982,4.43667,4.12557
2008,5.64817,4.22541,4.98859,4.05544,4.05661,3.77058,3.59091,4.73635
2009,5.76249,4.88947,4.61193,4.58377,3.85291,3.83579,3.58535,3.95251
2010,5.72596,4.56139,4.77243,4.42429,3.92782,4.12334,4.14725,4.32881
2011,5.91296,4.26021,5.15236,4.22872,4.31567,3.78951,3.80046,4.39355
2012,6.76318,4.23351,5.41907,4.70038,4.42144,3.3737,3.47189,4.45244
